text,categoria
Eldía de las madres te van a dar pura VRG iOjalá! ,ninguna_de_las_anteriores
Yo siendo el padrino del morrillo de mi compa después de decirle que no lo tuviera: ,ninguna_de_las_anteriores
Mis planes El 2020 ,ninguna_de_las_anteriores
dCómo aguantar tres días seguidos de festival después de vender medio riñón para pagarlo? Respuestas Yahoo! #coronacapital2022 @Betoposting Traiganme un suero ,ninguna_de_las_anteriores
VEOES SICNTO #ívis 8H91EXg EsTOS REVIENTO ,ninguna_de_las_anteriores
"Cariño, &Ah si? no puedo hablar, Pues mira estoy por el conduciendo retrovisor ",ninguna_de_las_anteriores
"Sabías que la luz de las direccionales no se ve reflejada en el recibo de la luz de tu casa? Úsalas, son gratis. facebook.comlGanqueGaming 64 KEDzD 200"" OFF ",ninguna_de_las_anteriores
WHEN LE DAS DINERO A TU HERMANITO PARA QUE SE COMPRE UN JUEGO Y SE COMPRA FIFA Sdlg Que nohabia para hombres? xdxDXd ,sexismo
LO QUE UNA MUJER VE LO QUE UN HOMBRE VE HOMBRES En la desesperada busqueda de un Iugar donde seniaise Qanlualocun ,sexismo
Recibir mentadas y ser abucheados en el estadio Azteca Grupo Firme Díaz Ordaz ,clasismo
LOSMEXICANOS ALVER EL IMPACTO QUEHACEN makeameme org ,ninguna_de_las_anteriores
"Ricky Puenthe @rckypuenthe 16h Pensa que Eracias DosotrosCrecieron os de Yahritza Su Erupo escencia.quechsm Po Donar, 510 Jonar ",ninguna_de_las_anteriores
Fl Luis Miguel pedimos  /Fl que nos va Ilegar (Si es que Ilega) que ,ninguna_de_las_anteriores
Cuando ya no te duele su visto. Vv [Te has vuello muy fuerte ,ninguna_de_las_anteriores
"cSABES QuE MVEREN MÁS   HoMBRES Por  atragantamiento de Hueso aceitvna, Que MJERes? Rckha fero de Est   Np   Hablais ,ieno? inee Ceves ",sexismo
Tu novia explorando el agujero de tu cabezita @SrFvcker ,ninguna_de_las_anteriores
Cuando visitas a tu abuelita 80 MUSEO DCLORES 2SOLMEDO Dl Diloo Pro InsUiC NAcohal Ud5EaAc yteda tu itacate ,ninguna_de_las_anteriores
Todo lo que a tu mujer no le gusta hacer; yo te lo hago y bien rico; iHaces pastel de papas? ,sexismo
Yo: ven Mi mamá: de seguro me va a dar mi regalo Yo: a ti que cargaste en tu vientre dolor y cansancio. JS) Mi mamá: ,ninguna_de_las_anteriores
*le presento mi novia a mis padres* yo en mi cabeza: por favor que no la lie el subnormal este mi padre: Inawcja viva el machismo ,ninguna_de_las_anteriores
Nadiemereceesto más quetu RIDICULA ,ninguna_de_las_anteriores
@omoesreamenie Qeboescuchaescisie @sIARAqubuen Sqg@llncoquedoe dhisiebo @oscuidg ComoUsuaioDesconocido [iensaquees: Qeloescuchaesedilsie Sq@nllancoquebiloe MOoooooesoesladisl @aoscuildg ,ninguna_de_las_anteriores
Voy despertando y se me antojo un toquesote De parrtes fntimas ,ninguna_de_las_anteriores
El demonio debajo de mi cama viendo como lloro a las 3 a.m. Tas bien? ,ninguna_de_las_anteriores
"ALGUNAS MUJERES SE ENAMORAN CON UN BESO 0 UN FLORAZO PARA TODASLSDEMAS, EXISTE MASTERCARD ",ninguna_de_las_anteriores
Tu billete viendo como lo guardas entre tus chichis C0  Scatszs ,ninguna_de_las_anteriores
Drecu Paule Rivas Iturbe @Dracularpia Sonora Grill Masry< erardo Zor9 Ganci. Jie-2% ,racismo
@QUILAMIESTRA DECAíDAS DEROBBEN POS MECAIGO ,ninguna_de_las_anteriores
TU PUBLICACION ME DIO RISA ,ninguna_de_las_anteriores
chupas por si es albur: Meme creator or9 ,ninguna_de_las_anteriores
A mi me gustan mucho de esas. ,ninguna_de_las_anteriores
"LUCHAMOS POR TRABAJO Y UN SUELDO DIGNO PARA NOSOTRAS LAS MUJERES, COSA QUE EL PATRIARCADO NO QUIERE YTE DICEN: ""FEMINISTA HASTA QUE LLEGUE LA CUENTA"" ",ninguna_de_las_anteriores
"Quédate con la que sepa como succionar el veneno de la mordedura de serpiente, porque aplicar un torniquete saben todas ",ninguna_de_las_anteriores
Los jugadores de México y Haiti vienco los centros de Antune: ,ninguna_de_las_anteriores
Dicenunagroseiaela telenovela Yoquehago insultos rsistagmachistashomofobicosy dasistascuando juego Mamá cambialalmuy grosera esa serie ,ninguna_de_las_anteriores
[OuEQDOPEROOHIAT @O@RESUAGALETAORO [TESALGA SIN CREMITA memegenerator.es ,ninguna_de_las_anteriores
CUANDO TE DICEN QUE FREE FIRE ES UNA MIERDA JALATE PERRO >:V ,contenido_inapropiado
BUENOS DfAs BOLA DEÓJADOS ,ninguna_de_las_anteriores
* Yo: *Checo mi saldo en ceros Google: Cáncer de quincena. ,ninguna_de_las_anteriores
"VS SEÑOR, NUNCA TE HE PEDIDO NADA PERO QUE MESSI GANE LA COPA AMÉRICA ",ninguna_de_las_anteriores
Mi amix y yo yendo a pasear después que nos dieran permiso Pa donde sea menos pa la casa Cuusk ,ninguna_de_las_anteriores
Alguien: &Qué me cuentas? Yo pensando que le cuento: ,ninguna_de_las_anteriores
"De #ladyplaqueta aprendi que si un piropo viene de alguien que es moreno, feo y pobre es una falta administrativa #pobretipa ""Coqueteo"" ""Acoso' Tamara D Tamara D. @nloquoia @ploquara Me dio mucho guslo verlos todos en @mareotlores @EasylaxiMexico el Covadonga donde por cierto @@SSP_COMX Un taxista me dljo estaba el mismísimo SEÑOR ""Guapaaaa' en la calle; lo cual es falta COVADONGA que me saludo 'Hola administrativa asi que decidi quapa proceder: Fn090 Gnoeismra7 10 M6 TWCEIE 10 'ueta Si71 16 ",ninguna_de_las_anteriores
"YO NO HIcE EL chiStE , iicÓmo VOY A SER MachIsta, S/ SOlO Me ReN EN MI €aSa  todas  son muJeres?! @LAcuca Ilustrada GK NosotROS  tamBiÉN NOS mAtan No SE VA A caeR, Lo vamos A Botar ",ninguna_de_las_anteriores
CUANDO LLEGA EL FRíO ,ninguna_de_las_anteriores
al Cómo de mi Ya viejona conseguir vida hombre medio ,sexismo
Sil sabes quién soy no? Mi putà Ev ,ninguna_de_las_anteriores
Hombres captando una indirecta Hombres pensando lo que necesita México para pasar a octavos Aohn Saud ?5 Argentria Dorria ,sexismo
#NAME?,ninguna_de_las_anteriores
Instagramn frases sad 2017 Gatito. Instagram {rases sad 2017 Gatito tiene que irse ,ninguna_de_las_anteriores
[ASALEER ESTEARTICUZO YLO SABES uemegenerafone ,ninguna_de_las_anteriores
iQuiénes somos? iMedicac Lleuln 7h1v boredphnda.con] ,ninguna_de_las_anteriores
"""Los hombres somos guapos con 0 sin barba"" Cuando se la quitan: ",sexismo
"Cada vez que siento que ya no puedo más con mi vida, me imagino a Edna Moda diciéndome: ive enfrenta el problema; pelea; gana! ",ninguna_de_las_anteriores
[NTERPONDRE UNADEMANDA PORMEMES OFENSIVOS memegeneratores ,ninguna_de_las_anteriores
Ilo Disculpen que no salude pero a mi la gente antivacunas me da asco ,ninguna_de_las_anteriores
Cuando ves al niño con cáncer usando el filtro de edad para ver como se verá de viejito. ,ninguna_de_las_anteriores
Cuando tus padres llegaban de trabajar y te veían jugando: Sieteporocho? ,ninguna_de_las_anteriores
Cuando finjo prestarle atención a mi jefe pero en realidad estoy calculando cuánto falta para comer ,ninguna_de_las_anteriores
"Grasias niña, la dejaré encima de la tumba de tus padres kuando los reviente @unagrandeygorda ",ninguna_de_las_anteriores
Cuando vas a un restaurante con tu mamá y descuento para parejas hay ,ninguna_de_las_anteriores
"Mamá voy a la tienda a comprar éQuieres algo? Si, que te atropellen. ",ninguna_de_las_anteriores
CUANDO NO TE DEJAN COMIDA EN TUCASA ,ninguna_de_las_anteriores
@ REGALENTDDO YA HOEZE ,ninguna_de_las_anteriores
Cuando tu te regaña por algo que no hiciste zuficiente gfa ,ninguna_de_las_anteriores
Les avisó con tiempo nadie va a recibir regalos esta Navidad me quedo en casa!  ,ninguna_de_las_anteriores
"Ni siquiera tiene lógica decir deluxe a todo ! No debe tener lógica,debe ser dificil de entender para Josheterosexuales ",ninguna_de_las_anteriores
platano FUIJ @OriginalPlatano Yo fingiendo que no veo la comida que están por darme en casa ajena ,ninguna_de_las_anteriores
Mexico 1 vs Honduras Translate Tweet GIF aiva Méxicooo ,ninguna_de_las_anteriores
àAlguien más siente un poco de temor al ver este campo de coles? ,ninguna_de_las_anteriores
Mi amix y yo echándonos una platicadita bien tranqui ,ninguna_de_las_anteriores
DONDE ESTA DIOS NO MAME ,ninguna_de_las_anteriores
Amiga eres arte cPor qué soy arte? Porque eres mujer cY eso qué tiene de artístico? ps que te quiero dar y así ,sexismo
Cada día más misôgino ,ninguna_de_las_anteriores
ODIO NAVIDAD IIEN NAVIDAD ,ninguna_de_las_anteriores
"Cuando te acabas de sentary tu mamá grita tu nombre ""f*ck"" ",ninguna_de_las_anteriores
No importa tu color Ni 'eres fan Ni tu preferencia sexual Porque odio a todo el mundo ne ide que  ,ninguna_de_las_anteriores
cuando quieres Vivir en Corea pero Vives en Un Pqis Pobre y Sin %PPas guapos y sexis odio aki >:V Chanyeol ~ ,ninguna_de_las_anteriores
Los demás aficionados viendo a los de México en estos momentos después del gol de argentina: #MéxicoArgentina Traducir tuit Se estâ volviendo salvaje ,ninguna_de_las_anteriores
"ToDos SOMOS IGUALES ANTE LA LEY 0Tmis STEPHEN] PETer [u TCHalza Groot SIN IMPORTAR RAZA, COLOR 0 SUPERPODER ",ninguna_de_las_anteriores
"Si me vas a tirar la onda dímelo, por que eso de estar adivinando como que no se me da ",ninguna_de_las_anteriores
NO ME DIGAS QUE SE ACABARON LAS VACACIONES ,ninguna_de_las_anteriores
"Te fuiste a la USA buscando progreso, Ilevas casi un año y no has enviado ni un peso. ",ninguna_de_las_anteriores
2 Argentina México Fase de grupos Grupo € EL DEFORMA iMejor hubiéramos ido a ver el Chanflel ,ninguna_de_las_anteriores
HORÓSCOPO: positivo llegará a tu vida este mes. Algo COVID-19 ,ninguna_de_las_anteriores
El Canelo cuando se entero que Messi fallo el penal para que México se quedara fuera. Ca lamarino ele Ga nte ,ninguna_de_las_anteriores
Todo México / El Bad Bunny ,ninguna_de_las_anteriores
YDE REPENTE TODOS Jennr REP PICRMEeG; FELCES EN [A OFICINA Jauaua AItS  ,ninguna_de_las_anteriores
Yo MI EXAMEN FIESTA ,ninguna_de_las_anteriores
Cuando te das cuenta que el príncipe azul no existe Galree ,ninguna_de_las_anteriores
"Cuando te dice amor por ahí no va entrar. ya verás que si Yo, ",ninguna_de_las_anteriores
Alguien: iapoyas a la comunidad Igbt? Yo: ,ninguna_de_las_anteriores
No se si cocinarlo 0 abrazarlo y preguntarle quele pasó. ,ninguna_de_las_anteriores
Cuando tratas de conquistar una mamá soltera pero la bendición no te quiere ,ninguna_de_las_anteriores
JONOSEQUEREIE ,ninguna_de_las_anteriores
NO MAMES QUEEMOCION ES LA DEL CHOCOLATE@BUELITA ,ninguna_de_las_anteriores
"Es que tu me tratas diferente, por eso me gusta estar contigo. El trato ",ninguna_de_las_anteriores
iEstán robando una lata de atún! Parece una michion para mí. ,ninguna_de_las_anteriores
"Siempre que platicamos acabo mojada UTe excito? escupes cuando hablas: No, ",ninguna_de_las_anteriores
DICE QUE NO TIENE PR7ZLEGIOS YCREE EN LA MERITOCRACIA www_lacebook com Meminista-Memes-Transfeministas ,ninguna_de_las_anteriores
Mi novi@ tu nunca te cansas de hacer el delicioso Yo id Es un don Perisa Tóxiça ,ninguna_de_las_anteriores
EL DEFORMA 29 AÑoS 44 AÑos FREUD: De hecho Un complejo que L@ expLica bay ,ninguna_de_las_anteriores
"""HOLA HERMOSA"" HALAGO ACOSO ",ninguna_de_las_anteriores
"DAMETODALACERIEZAQUTENGAS Memes eacatzingo, tepeara Iccalmachalon QUE ESTE FINDE SEMANAESLEYSECA ",ninguna_de_las_anteriores
Mira mi amor a tu ex-primo iQué exprimo? ffESTAAAAAAAA€ ,ninguna_de_las_anteriores
De seguro en las fiestas te la pasas ligando Yo: ,ninguna_de_las_anteriores
Cuando buscas pareja en el 2022 icHAY ALGUIEN [AQUÉ SIN HIJOS?! ,ninguna_de_las_anteriores
cuando ya estás borrachísimo pero ves a tu amigo sirviéndote otra copa más ,ninguna_de_las_anteriores
A mi amiga le está saliendo una inflamación por una muela; algún remedio para el dolor? ,ninguna_de_las_anteriores
nag àQue es un clasista? 10 sem Me gusta Responder un fan de la musica clasica 7 sem Me gusta 51 Responder Yo todo un clasista ,ninguna_de_las_anteriores
CUANDO TERMINAS DE VER DARK YTE PREGUNTAN COMO ESTUVO Quisiera hablar con usted sobre el tiempo. ,ninguna_de_las_anteriores
Yo esperando que deje de sonar la Ilamada para preguntar por WhatsApp que quiere. ,ninguna_de_las_anteriores
"*Se acerca el día del padre Las toxicas: qyuchoua 44 [sta 00f G0y mlato @DP cGon los huevos que AcNuTL Beach D0 faltaron al papá ""Qua Madro Mâ9 padre (Uzas beladas por € dia del padrooquo ? @uo ~Eeliz dia madre y padnoo soyo ",ninguna_de_las_anteriores
Evo Morales pasaría COMPLETAMENTE desapercibido si Io mandan a Ecatepec SHCP SLAET ia dehacid tocossfoduas ,clasismo
Mi mejor amiga maquillándose @DoñaPeda JuSicA) 1 ,ninguna_de_las_anteriores
"Mi Ex: puedes regresar el chaleco que te presté el otro día? Mi Perro: Oye, ime ",contenido_inapropiado
Ya chingo a su madre PRIAN #Elecciones2023MX recuerden el voto es secreto jeje 1926 _ 2023 2 ,ninguna_de_las_anteriores
Cuando prestas tu teléfono para enseñar una foto y empiezan a ver toda la galería. ,ninguna_de_las_anteriores
México queda eliminado del mundial #Qatar2022 ? Se acabó todo; todo todillo ,ninguna_de_las_anteriores
Todavia no es 19 de septiembre y ya #sismo es tendencia tienen el presentimiento de que va salir mal? @No algo ,ninguna_de_las_anteriores
inmigrante gobierno español ,ninguna_de_las_anteriores
SE HACEN TRENSAS PARA LA NOCHE DE INDEPENDENCIA Zu ,ninguna_de_las_anteriores
"""ESPERO QUE 9 Mf NOVIO LE CUSTE LA PELíCULA QUE LE RECOMENDÉ"" EL NOVIO: EL DEFORMA ",ninguna_de_las_anteriores
EL DíA DEL PADRE NO ES IGUAL QUE EL DíA DE LA MADRE Dr Sim' ES SIMILAR Lo mismo pero más barato ,ninguna_de_las_anteriores
CUANDOERESUNGATO PERO SUEÑAS @ON MATARJUDIOS fgipcom ,ninguna_de_las_anteriores
"La doñita que te ayudo cuando no sabias como llegar YO TAMBIÉN VOY PARA ALLÁ, YO TE TE QUIERO MUCHO, DIGO DÓNDE BAJAR SENORA METICHE ",ninguna_de_las_anteriores
GALLETA OREO EN ESCUINTLA ,ninguna_de_las_anteriores
Recuerde usar mascarilla y alcohol. . ,ninguna_de_las_anteriores
Hombres de 25 años en el 499 A. C. Hombres de 25 años en el 2022 ,sexismo
Comunicado del gobierno de la República al Parlamento Europoo MIMEVALE VERGALOQUE TU HAGAS MeMvectuich <oil ,ninguna_de_las_anteriores
Cuando agarras el mosquito que no te deja dormir. ,ninguna_de_las_anteriores
"Básicamente, ambas películas tratan sobre dos hombres yendo a una montaña para destruir un anillo [oRDYRINGS BR8UFHASK Poo ",sexismo
"No tengas miedo de perder personas, ten miedo de perderte a ti mismo por complacerlas  ",ninguna_de_las_anteriores
El Guarromántico @Guarromantico_ Llévame de vuelta: 2019 mobile ,ninguna_de_las_anteriores
La gente que vive en la CDMX viendo que ya es Lunes 18 de Septiembre y todavía no señales de #Sismo chocomilkdecoco hay = ,ninguna_de_las_anteriores
Las placas tectónicas empezando Septiembre #Sismo Auiba; @iba sarglo Modina ,ninguna_de_las_anteriores
iCual es el mejor meme de este El de Pocoyo iY por qué pusiste el del gato que lee? mes? ,ninguna_de_las_anteriores
"La primera mascota nunca se olvida 14,26 ",ninguna_de_las_anteriores
Vi que borraste la foto con tu novio ,ninguna_de_las_anteriores
"""Una noche fui a un bar conocí a una hermosa mujer; conversamos toda la noche; nos reímos, coqueteamos; la invité a varios tragos; las 5 am llegó un tipo; la tomó del brazo y se la llevó al baño; tuvieron sexo y luego ella se fue con él. Pero no importa; yo tuve la posesión toda la noche' Atentamente: Guardiola Pep ",sexismo
xespues de los memes racistas y xenofobos seguimos siendo hermanos Porque somo seres civilizados aunnyce ,otros
iCómo va la dieta Me la comí 8ve ,ninguna_de_las_anteriores
"Siento pena por los hombres que no saben valorar a las mujeres. Yo con tan solo verlas sé más 0 menos cuanto cobran. your cards ScMeecaros,coM ",sexismo
ESE WEY: {an2 AT&T CREíA QUE IBAN A GANAR@14 ,ninguna_de_las_anteriores
LESICAIGO EL SABALQ ,ninguna_de_las_anteriores
Suegra: Aver si hace feliz a mi hija; Yo haciendo feliz a su hija: {1} Califica esta traducción ,ninguna_de_las_anteriores
I'èric @erkascinc enviando a Italia todo nuestro odio a Inglaterra ,ninguna_de_las_anteriores
AMINO ME JODAS CON TUS ALBURES CHAFAS memegenerator.es ,ninguna_de_las_anteriores
TESHIIESAGUSTO@N EL GRURO @HISTES YALBUR DELBUEXO makeameneoug ,ninguna_de_las_anteriores
PROPRO@(ZICOLG MEIBDANLASPERRASPERO 0URG0S @42ECAZODE208  Joma ,ninguna_de_las_anteriores
LA BENDICIÓN LISTO PARA SU PRIMER DíA DE CLASES 4 BnDBùxNìx ,ninguna_de_las_anteriores
Cuando te pasan un mate muy caliente y te quemas la lengua ,contenido_inapropiado
à Cansada de que tus niños brinquen en la cama ? Te recomiendo este bonito Edredón anti-niños Deg ,ninguna_de_las_anteriores
"Elaño puede ser nuevo, pero la flojera es la misma ",ninguna_de_las_anteriores
@Lasvacunas sonseguras? Ni idea. Esto es heroina. ,ninguna_de_las_anteriores
SISABEN COMOSOY PARAQUEMEINVITAN memegenaratores ,ninguna_de_las_anteriores
"Winehouse ""LA MÚSICA ES LA ÚNICA COSA QUE TE DARÁ TODO Y NO TE QUITARÁ NADA"" Amy ",ninguna_de_las_anteriores
CUANDOLEDIJEROMACOSBY QUE DASERIEERAURA COMEDIA YNO CINEERÓTICO ,ninguna_de_las_anteriores
Cómo veo a mi amiga/Cómo la quiero ver ,ninguna_de_las_anteriores
Mi amix: Perdón por el desorden Su cuarto: ,ninguna_de_las_anteriores
"Mario Bros romperécordsdetaquillal"" Los críticos especializados: ""lehacen falta negreslesbianesu"" ",ninguna_de_las_anteriores
eI tienebãlètos Coldplay le Mi la EL DEFORMA que {898@ndlžocãlo 'queci se que compae página 'trabó) Yoesperando ,ninguna_de_las_anteriores
Cuando hasta el perro sabe que anda mal. algo ,contenido_inapropiado
Lo mas cerca que estuvo Lewandowski del Balon de Oro 10 Lennadous ,ninguna_de_las_anteriores
Te voy a encontrar alcoholicienta patona ! Cristi AGUIU ,ninguna_de_las_anteriores
Cuando estás viendo el México vs Paraguay y te despiertan 6 5 ,ninguna_de_las_anteriores
"""No hay dinero para las balas"": La crisis en Venezuela afecta también los delincuentes [aja adoro losifinales telices ",ninguna_de_las_anteriores
Tw: @fabiio_fcb NI SHAKIRA ME BAIZA ASI ,ninguna_de_las_anteriores
TEODIO CovD menegeneratones ,ninguna_de_las_anteriores
Machismo Clasismo Racismo Odio Xenotobia Homofobia @Thiago2201 Argentinos cuando juega la sèlección ,racismo
Homofóbicos diciendo que ser LGBT+ es del diabloll Yo toda diva con mi pase VIP al infierno @LGBTQPEDIA ,ninguna_de_las_anteriores
"Cuando ya lo has dejado en visto 50 veces y el sigue escribiendote ""Hola"" eMemeoo ",contenido_inapropiado
"yo asi el 14 abrazándonos Amándonos ,no se piensalo Tu y ",ninguna_de_las_anteriores
NOEL SEÑOR HÁ SALIDO ,contenido_inapropiado
El Canelo cuando se entere que Messi falló el penal para que México quedara fuera del Mundial: Gnele ,ninguna_de_las_anteriores
"Entonces. ahfempezaron Ios uroblemas Con esa sonrisa , Esa maldita sonrisa ",ninguna_de_las_anteriores
@]eielo resplandece a mi alededor Opening de Hiroshima Dragon Ball 2 en 1945 ,ninguna_de_las_anteriores
"Senor. Dr, soy seiora: Seiora, tiene cáncer de próstata: ",ninguna_de_las_anteriores
Anda hipócrita ve a África donde esta la pobresa Y otorga tu riqueza a los más necesitados ,ninguna_de_las_anteriores
"Perdoname si mis chistes son racistas: no sabía que los negros tienen celular. Negrote Negrote Robados, pero tenemos ",racismo
"@pyermackuzada Dos hombres Juntos iquÉ HORROR! iQUÉ vAn A Decir loS Ninos? que eRes Una | HOMOFÓBICA, MAMA. ",sexismo
Miños tabajando @ vacaciones Latinoamérica Estados Unidos JgPiTeRZ ILEMONAUE) ,ninguna_de_las_anteriores
"iY ese quien es? Le dicen el retrato, porque Ileva dos años viniendo al gym, pero siempre se ve igual ",ninguna_de_las_anteriores
Así de falso era tu amor por mi_ ,ninguna_de_las_anteriores
Pues mi niña dejó de mamar al año Suegra ahora que confianza; su hija miente hay ,ninguna_de_las_anteriores
"Tu perro viendo que publicaste ""Feliz Día del Perro"" y ni tortillas le das PATZIMEMES ",contenido_inapropiado
Yentonces una cariñosa voló sobre mí y desapareció mi aguinaldo con su rasho laser ,ninguna_de_las_anteriores
LAS EMPRESAS EN ESTOS MOMENTOS: Me desperfe bien ,ninguna_de_las_anteriores
PREPARENXSE SEACERCAN LAS FOTOS DE PERFIL DE CUANDO ERAN NIÑOS ,ninguna_de_las_anteriores
"CUATDO TE DIGAN ""ELFEMINISMO ES COMO ELMACHISMOPERO AL REVÉS"" ZASQEN TODA LA BOCA memegenerator.29 ",ninguna_de_las_anteriores
~Amor voy a salir con mis ~Ibas amigos ,ninguna_de_las_anteriores
"Tengo fríojera, la combinación de frío y flojera ",ninguna_de_las_anteriores
No MoleSteS . YA Se Que ES TU BASTON [P/PEORESNADACOM ,ninguna_de_las_anteriores
[egalulio.Estabas esperàndo estemene ,ninguna_de_las_anteriores
alguien detrás de nosotros? no.. Yalos lados? Tampoco Entonces la del peo fuiste tú.. Høy ,ninguna_de_las_anteriores
1 - 1 FINAL ESPAÑA ALEMANIA CUANDO COMPROMETES TU PASE d ALASIGUENTEFASE ,ninguna_de_las_anteriores
"Jaraica wve temon Zalz BOLT Bolt Cómo descubriste tu velocidad? tve Verás, yo salía a las 5 y 29 de la escuela v Dradon ball comenzabaa las 5 v 30 Jaica ",ninguna_de_las_anteriores
Cuando vas a una fiesta y tu mamá se quiere llevar el centro de mesa los servilleteros y un taco. Ricky Serrano @rickyserrano1/ No jefà; no haga @so ,ninguna_de_las_anteriores
METALEROS EN MI PAIS METALEROS EN OTROS PAISES ,clasismo
Nebraska 33 @Nebras 23min Las placas tectonicas viendo como los mexicanos hacemos memes al poquito tiempo que temblaron. #Sismo #Temblor #AlertaSismica 82 FLo están disfrulandol ,ninguna_de_las_anteriores
Dios creo AL HOMBRE El HOMBRE OuERiA UN [dios cReo A LA MUJER Isandwich. El Sandwich Se 1ba Hacer Solo 088P Vaya. Eso explica muchas cosas  ,sexismo
Hacen préstamos familiares? Préstame a Sí tu hermana ,ninguna_de_las_anteriores
ME ENAMORE GHAPo ,ninguna_de_las_anteriores
Que lindo está para dormir con] empanadita No será cucharita? a empanadita es igual pero con toda la carne adentro ,ninguna_de_las_anteriores
YO AGUANTANDOME LA TOS PARA QUE NO PIENSEN QUE TENGO EL CORONA VIRUS Y47u € ,ninguna_de_las_anteriores
Podríamos ser nosotros en halloween ,ninguna_de_las_anteriores
@shittogro yase siente la navidad ,ninguna_de_las_anteriores
Cuando se escapan las velas del pastel. ,ninguna_de_las_anteriores
"Yo haciendo cuenlas, porque perdi |a apuesla Serl ",ninguna_de_las_anteriores
Todos € fdeenero bajando €l recalenlado ,ninguna_de_las_anteriores
Creen que están bien buenas y están así ,ninguna_de_las_anteriores
NOSOYANTISOCAL G0LO ODIOA LAGENTE memegenerator es ,ninguna_de_las_anteriores
"El primer amigo haces en la universidad será tu amigo para siempre, no importa lo que pase, siempre estará ahí. en la qué amigo universidad primer ",ninguna_de_las_anteriores
Nolosesilegaluyo: ANIME Es bromaihagámoslo! ,ninguna_de_las_anteriores
juanfutbe AHBERoELiquLA ELAMEDEZTANOENFASEREGULAR ,ninguna_de_las_anteriores
14 de Febrero. 14 de Noviembre. ,ninguna_de_las_anteriores
yo no soy racista megustan los morenitos ,ninguna_de_las_anteriores
Cuánto te habla tu amix con quien siempre terminas lokiando para decirte que vayan por unas chelas tranqui . ,ninguna_de_las_anteriores
Todos conocemos a alguien que no deja el celular ni para ir al baño | ,ninguna_de_las_anteriores
YA QUÉ TE DEDICAS? SOY TRAFICANTE DE ÓRGANOS NO TIENES CORAZÓN? ESO FUE UNA CRITICA @ UN ENCARGO? ,ninguna_de_las_anteriores
TRAIGANAH OCUPÓPEEDRAS PARAELMURO. ,ninguna_de_las_anteriores
Cuando por fin se va a sentar en tu cara y le ves un pedacito de papel ,ninguna_de_las_anteriores
DICE NUESTRO PRESI QUE 5I NOTIENEN PARA COMPRAR CARNE  QUE SALGAN A LA CALLE Y TOQUEN UNA NALGA AsI POR LO MENOS SE COMEN UN BIFE. ,ninguna_de_las_anteriores
"Estrategias del necmachismo ildeas Kara vender los videoclirs % tetas y culos d siempre como Mclis {as? Si VO fueran Que ellas lo han Que ahora ser elegido Vecimos que emrodcran ""s Gewabk9o es feminista ilustrada ",ninguna_de_las_anteriores
ES LA GRADUACION DE MIJO COMADRETENGO QUE RBIENEZEGANTIOSA PUES ,ninguna_de_las_anteriores
*se rompe una cuerda* Tocando la Escalando guitarra: una montaña: ,ninguna_de_las_anteriores
LLEGANDO EMPEZARÉ 4 TOSER MEMelequis| Josvaldomonos . ,ninguna_de_las_anteriores
Mi no se ríe con un meme de Lovponba Yo: @cristoking_ Losuponia amigo: ,ninguna_de_las_anteriores
Indígenas antes de conocer el internet:  94 G€ 1n iS69k Ck St  _ a iStock 'Ck 7Soel GSt  1es  Después de conocer el internet: ,ninguna_de_las_anteriores
"EmeVoHaniv @Llovescry  22h TE ODIO NETFLIX, en España no están todas las de barbie como en latam pelis ",ninguna_de_las_anteriores
EL DEFORMA RedBull Esemudhachomelenadedgulo 4a Fa ,ninguna_de_las_anteriores
YAHUEZE A* NAWIDAD CABRAS ESFARTANAS} ,ninguna_de_las_anteriores
NADIE: UN REGGAETONERO (EL QUE SEA) POSANdo ParA LA FOTO: ELDEFORMA ,ninguna_de_las_anteriores
QUE BUENO QUE LLEGASTE SE DESMAYOEZRBOL ,ninguna_de_las_anteriores
"Todo México ahora mismo #9deSeptiembre #sismo #Terremoto Rav Oh, aqui Oh, viene denuevo aquí ",ninguna_de_las_anteriores
iTuy yo así! el 14 1 piénsalo mi love! Memes virales ,ninguna_de_las_anteriores
TOMA Mi MANoI NO PUEDO  SOY RACISTA 7 imemehigand [ ,ninguna_de_las_anteriores
que agradecer antes de comer. Hay ,ninguna_de_las_anteriores
NO ESTA MAL ,ninguna_de_las_anteriores
Yo era netero we :V doritos después ,ninguna_de_las_anteriores
Como hará para doblar las sábanas ,ninguna_de_las_anteriores
Cuando vas a un kinder en día Santi Dylan hoy Nesuin X Mateo Dylan Sany Iker Mateo Santi Iker ,ninguna_de_las_anteriores
El vendedor de pollos // Yo después de preguntarle si tenia pescuezo. ,ninguna_de_las_anteriores
SE ACERCA SEMANA SANTA IGUAL HAY QUE TRABAJAR Mamegenerator nel ,ninguna_de_las_anteriores
Q PASASIUN ZOMBIEBESALAOIROZOMBIE ZOMBIEN [ARICONES ,ninguna_de_las_anteriores
@DIO@LOSHOIMBRES [ACHSTASYSEXISTAS PERO[EPAGUEL@ UNERSIDADPROSTITUENDOME memegendatoe ,ninguna_de_las_anteriores
La selección de México en este momento: Bueno Lo intentamos ,ninguna_de_las_anteriores
Cuando tu papá te dice que tienes los mismos ojos que tu madre ,contenido_inapropiado
@ATRHYAI TÚ ERES EL ESCUPEMESCLAE CEN POR CIENTOALBURES_EL MQIO memegenerafoe ,ninguna_de_las_anteriores
Como cuando estas orinando pero te tiras un pedo y te cagas ,ninguna_de_las_anteriores
POV: Estudiante de medicina cuando le preguntan cómo le va la universidad bien Estoy ,ninguna_de_las_anteriores
Cuando vas a comer y te dicen que vayas por la coca. ,ninguna_de_las_anteriores
NINAS NIÑOS DEJAD DE EDUCARME PARA SER ESCLAVA ,ninguna_de_las_anteriores
"Tepeguiédquequieres de regalo? ymedijiste ""AUNQUESEA, UNA MERDAF ",ninguna_de_las_anteriores
enla era que calor ,ninguna_de_las_anteriores
Yo este 14 de febrero... (Soy la señora que está atrás) ,ninguna_de_las_anteriores
"Cuando tengo un mal día, automáticamente yo. ",ninguna_de_las_anteriores
Los que pagan impuestos Los que reciben subsidios 10 52 7 7un 202' T;mot8' Pnaal UNIDOS  ) 8 ,clasismo
ABURES [ANODAROSASEL PALO  SINOLIMAS ELGARROTE Q90MA00 EMISiON ,ninguna_de_las_anteriores
"Nadie: Absolutamente nadie: m@6ñps /g@,@v Los homofóbicos comparando las parejas del mismo sexo con cinturones 0 con enchufes como si tuvieran algo que ver: +2 08 4 /7 248 ",ninguna_de_las_anteriores
"El Guarromántico @Guarromantico Me convertí en la señora de los mil tickets en la bolsa- A a Co6 , 0ce Cao 55 ""su Ce 'Je) 'G9 êp 0 0 4 4 Go 5 8 2 8 1 8 56 5 8 Pp tonlco cont Dffos 2 Oudas aelaraciansJi Ciuase dcl inlarlor  8 ecloro: Mer(o. bancos 52262663  fcaublico 800 Contocre 226 Paro 2663 Panco {arjelas Oro 1 BBVM 5 Nuiero. 9 9 1 9 1 1 1 8 2 f 8 ( 1 1 : 8 {s 8 '""W opuea ",ninguna_de_las_anteriores
Cuando un Escorpio se te queda mirando; y no sabes si le gustas 0 estás estás peligro de muerte. ,ninguna_de_las_anteriores
"Memes Racistas con Humor Negro 9 de mayo de 2019 a las 09.45 Facebook for Android Jajajjjj Pero mano yo no se robar Avaina; cuantas veces tengo que decirte que eres negro? eso corre por Lus venas mano 522 104 comentarios 1,1 mil veces compartido ",racismo
En ocasiones veo contratos por obras 0 servicios que serán fijos discontinuos ,ninguna_de_las_anteriores
Estaelfuta mas parecida @ las 2algasi LasPasas ,ninguna_de_las_anteriores
"Cuando te empieza a gustar alguien ESTÚPIDO, MIS GANAS DE SEGUIR SOLTERA, IDIOiA ",ninguna_de_las_anteriores
Ni Judas traicionó tanto BURGER KING HAVE IT YOUR WAY MORPHIUS àiG ,ninguna_de_las_anteriores
Cuando le respondes una historia y te deja en visto ,ninguna_de_las_anteriores
PuenteenInglatera Puenteen Panamá Puente en México ,ninguna_de_las_anteriores
Panvelion 4a Gd Pantelion ava MÉXICOE Pantaya les EN Los Angeles En CO PA MÉXICO 9n santelion IGeles EN PER XIC6 KICO Triunfaremos en on Eles EN Hollaogd HICO JMA OILAAAAAAS! aerv ,ninguna_de_las_anteriores
Odio a la gente que usa palabras que no saben que significa solo para verse más fotosintesis ,ninguna_de_las_anteriores
PREDICCIÓN CUMPLIDA MÉXICOPASA@LOSCUARTOS_ 222 DEL HOTEZPORSUSMALETAS ,ninguna_de_las_anteriores
aparecen en una película gringa mexicanos españoles nooo estoy ostia harto de los pero si ha estereotipos racistas dicho españa; de los gringos viva españa ,racismo
Mi cara cuando veo mi cara ,ninguna_de_las_anteriores
"Un prostíbulo sorteó una canasta navideña y la ganó el cura del pueblo El cura don Nemesio declaró en su defensa y reconoció haber visitado este local hace un par de semanas, pero para organizar un bautismo. Selices Pr santacruzjean0o7 Si lees esto es porque sabes leer Joder 0a ;ESO sl ES DE GÁnGSTErS! eslas ",ninguna_de_las_anteriores
"#AnonymousDiceQue Krilin sabía cosas, por eso en cada oportunidad lo mataban :c ",ninguna_de_las_anteriores
"""SI TODOS YA LISTOS PARA DARELGRITO 8 GOD YUMO AQUI COMO MENSO TRABAJANDO"" Y Guumo  QUE 9 ",ninguna_de_las_anteriores
~cQue te gusta de mi? ~El negro de tus ojos ,racismo
Yo entrando a mi salón después de publicar en mi Facebook que odio a todos mis compañeros y que me cagan ,ninguna_de_las_anteriores
"SDPNOTICIAS.COM Rusia ordena operación militar contra Ucrania, reportan explosiones en Kiev ELDEFORMA Yasí conienza ",ninguna_de_las_anteriores
Wee; ivamos al gym? iJaloooo! TAQUERIA 8 QGYMIe ,ninguna_de_las_anteriores
1 8Yo jamas me casaría con un monstruo! ,ninguna_de_las_anteriores
cuando e el trabajo te dicen que te van pero la a aumentar Loque Callahos Lo5 GODINEZ chinga ,ninguna_de_las_anteriores
MEXICO LARZA SUS PRIMEROS MISILES ENAPOYQAGRANCIA ,ninguna_de_las_anteriores
FELiZ Dia PAPÁ * NUESTRO ARREGLA TODO ,ninguna_de_las_anteriores
Grupo C Polonia Argentina Arabia Mexico Saudita {OyeOieguilo ,ninguna_de_las_anteriores
Yo con dos días sin comer por no querer cambiar mi billete nuevo. 50 Y MI PRECIOSO! ,ninguna_de_las_anteriores
Malditos día más en machistas una sociedad machista También racismo Otro hay ,racismo
HARÉ DOS DIETAS PORQUE CON UNA ME QUEDO CON HAMBRE LACLOAKACOM ,ninguna_de_las_anteriores
Cuando ya suena como chancla en piso mojado El_Mamaloon ,ninguna_de_las_anteriores
TIEMPOS OSCUROS SE ACERCAN HARRY @Handbookoficial YA EMPIEZAI LAS CLASES ,ninguna_de_las_anteriores
B@ECADA] 1OPALABRAS @UE DICESON ALBURES [ASOIRASZ GQMIKDRECS memegezadfore ,ninguna_de_las_anteriores
(UANDO TE VIOLAN YBESUHTI QUBTBGUSTÓ ,ninguna_de_las_anteriores
Mario Aguilar @MarioAguilarMG Yo: Necesito adelgazar. Mi amigx: iQuieres papitas? Yo: ,ninguna_de_las_anteriores
Ytu es lo primero Que le vez aun hombre ? Asu novia claroo qué ,sexismo
CAMPANITA / CAMPANAZO ,ninguna_de_las_anteriores
La Última Pena Seguir @LaUltimaPena Cuando son las seis de la mañana y ya te da igual todo. MEDiaspur ayg ,ninguna_de_las_anteriores
Asi es Yordi yo fui la primera opcion para conducir #MasterChefCelebrity ,contenido_inapropiado
Qué pasó aquí? 8 ,ninguna_de_las_anteriores
Te fuiste cuando más te necesitaba. Cxuta} ,ninguna_de_las_anteriores
"tSegura con esto me sale barba ~Si, si..Tu dale LEIIDY YANGANA ",ninguna_de_las_anteriores
UNA VEZ CONTE UN CHISTE QUíMICO PERO NO HUBO REACCIÓN ,ninguna_de_las_anteriores
DI ALGO POSITIVO DE MI AUTO B ,ninguna_de_las_anteriores
VENDO MESA PARA HACER DIETA ,ninguna_de_las_anteriores
"Parejas en 1944: Parejas en 2020: Te Voy a participar en el 2d0 día mas amo importante de la historia y Ial vez no UwU UWU vuelva, pero te amo al igual que amo ala paz Pelearé por ti y por el futuro ",ninguna_de_las_anteriores
ikic Mis Frases Favoritas Derder 24 mar. 2020 a las 10.01 #Coronavirus eres tu? POR FIN DIÓ LA CARA 450 450 056 7.425 ,ninguna_de_las_anteriores
1 Dijiste  que eras ADMINIS DE GRUPOS EN WHATSAPP TRADOR ,ninguna_de_las_anteriores
-iSabes inglés? ~Obvio -àQue significa Lam? 21 de la mañana ,ninguna_de_las_anteriores
iSAL DEMONIO! AQUí TIENES ,ninguna_de_las_anteriores
"0 ""Los errores te hacen más fuerte Erubiel: @h~rt ",ninguna_de_las_anteriores
GRPARAOS LOS@RAGAMTAMEMTOS CON LAS UMSDEMNDEAÑOSEACERCAN ,ninguna_de_las_anteriores
~iSegura que te los eche en la espalda? Tengo más de un año de no tener novia ~iSi coñol àQué puede pasar? ,ninguna_de_las_anteriores
TU CARD CUANDO SENTISTE EL TEMBLOR ,ninguna_de_las_anteriores
Cuando la morra que aventaste Al horno no deja de gritar KPERRA TAN ESCANDALOSA >:V Alex Khatosmemeo 8 ,ninguna_de_las_anteriores
cTEMBLÓP IJI LO SEMJTI VANGUARDIAIMX ,ninguna_de_las_anteriores
Cuando me entero que el coronavirus ya llegó a Brasil y Chile. TEMGOMIEDO ,ninguna_de_las_anteriores
somos? Feministas Terminar con los modelos àQué queremos? de belleza imposibles 6 cuando lo queremos Hola Después del mundial éQué MaKizi ,ninguna_de_las_anteriores
QUERIDDAS FAM LIIAS DEBIDO AL CoVIlD 19 SE CANCELA LA ENTREGA DE REGALOS Soy DELA TERCERA EDAD Y MEPUEDO CONTAGIAR bihezags& 8m ,ninguna_de_las_anteriores
"EMRA,ANDRES PORALLÁ, [7ASBRIANISTASARDIDOS! Alc Nuesire Presidente PÁSAIELAVITACILINA, [ARCELO YOMEENCARGO. Alg NIUFTC Pacsiden @TER PÁSENZE POR SU UNTADITA, NO SE HAGANJ YA SÉ QUE LES ARDENESAS POMPIS ",ninguna_de_las_anteriores
Para compraste aceite para bebé si no tenemos hij . qué ,ninguna_de_las_anteriores
"Qué sigue después del 69? 70. = Ypor pusiste ""Lavarse los dientes' "" ? qué ",contenido_inapropiado
Ya tengo mi disfraz pa jaloweeeen ,ninguna_de_las_anteriores
Mi mamá: Yque tal el semestre mijo? Yo: QUE SEREPMA ,ninguna_de_las_anteriores
